Policy,Workload,Capacity,Operations,Hits,Misses,Evictions,HitRate,MissRate,ExecutionTimeMs
FIFO,Uniform Random,10,100000,106,99894,99884,0.1060,99.8940,212.0307
LRU,Uniform Random,10,100000,106,99894,99884,0.1060,99.8940,209.4798
LFU,Uniform Random,10,100000,109,99891,99881,0.1090,99.8910,225.4300
ARC,Uniform Random,10,100000,110,99890,99879,0.1100,99.8900,418.0853
TinyLFU,Uniform Random,10,100000,108,99892,590,0.1080,99.8920,300.8871
FIFO,Zipfian,10,100000,29079,70921,70911,29.0790,70.9210,132.4709
LRU,Zipfian,10,100000,34163,65837,65827,34.1630,65.8370,137.1180
LFU,Zipfian,10,100000,48418,51582,51572,48.4180,51.5820,184.9247
ARC,Zipfian,10,100000,45911,54089,54079,45.9110,54.0890,238.6796
TinyLFU,Zipfian,10,100000,48860,51140,578,48.8600,51.1400,180.3663
FIFO,Cyclic Scan,10,100000,0,100000,99990,0.0000,100.0000,180.9018
LRU,Cyclic Scan,10,100000,0,100000,99990,0.0000,100.0000,199.6004
LFU,Cyclic Scan,10,100000,0,100000,99990,0.0000,100.0000,223.1154
ARC,Cyclic Scan,10,100000,5,99995,99985,0.0050,99.9950,317.7066
TinyLFU,Cyclic Scan,10,100000,0,100000,99990,0.0000,100.0000,419.1910
FIFO,Dynamic Phase-Shift,10,100000,420,99580,99570,0.4200,99.5800,200.7420
LRU,Dynamic Phase-Shift,10,100000,419,99581,99571,0.4190,99.5810,252.5195
LFU,Dynamic Phase-Shift,10,100000,138,99862,99852,0.1380,99.8620,241.2236
ARC,Dynamic Phase-Shift,10,100000,448,99552,99541,0.4480,99.5520,437.9627
TinyLFU,Dynamic Phase-Shift,10,100000,383,99617,539,0.3830,99.6170,307.1770
FIFO,Uniform Random,50,100000,519,99481,99431,0.5190,99.4810,98.6118
LRU,Uniform Random,50,100000,519,99481,99431,0.5190,99.4810,111.8862
LFU,Uniform Random,50,100000,489,99511,99461,0.4890,99.5110,137.5379
ARC,Uniform Random,50,100000,514,99486,99435,0.5140,99.4860,229.5339
TinyLFU,Uniform Random,50,100000,506,99494,1668,0.5060,99.4940,357.3926
FIFO,Zipfian,50,100000,51494,48506,48456,51.4940,48.5060,55.9461
LRU,Zipfian,50,100000,57375,42625,42575,57.3750,42.6250,67.2086
LFU,Zipfian,50,100000,66474,33526,33476,66.4740,33.5260,143.3648
ARC,Zipfian,50,100000,65477,34523,34473,65.4770,34.5230,115.2298
TinyLFU,Zipfian,50,100000,66794,33206,692,66.7940,33.2060,162.2353
FIFO,Cyclic Scan,50,100000,0,100000,99950,0.0000,100.0000,93.4463
LRU,Cyclic Scan,50,100000,0,100000,99950,0.0000,100.0000,109.7905
LFU,Cyclic Scan,50,100000,0,100000,99950,0.0000,100.0000,116.1513
ARC,Cyclic Scan,50,100000,25,99975,99925,0.0250,99.9750,210.4335
TinyLFU,Cyclic Scan,50,100000,0,100000,99950,0.0000,100.0000,417.1570
FIFO,Dynamic Phase-Shift,50,100000,2057,97943,97893,2.0570,97.9430,91.9359
LRU,Dynamic Phase-Shift,50,100000,2061,97939,97889,2.0610,97.9390,109.2674
LFU,Dynamic Phase-Shift,50,100000,508,99492,99442,0.5080,99.4920,146.3032
ARC,Dynamic Phase-Shift,50,100000,2070,97930,97879,2.0700,97.9300,225.2223
TinyLFU,Dynamic Phase-Shift,50,100000,1827,98173,1508,1.8270,98.1730,356.9157
FIFO,Uniform Random,100,100000,1029,98971,98871,1.0290,98.9710,93.1263
LRU,Uniform Random,100,100000,1023,98977,98877,1.0230,98.9770,110.3433
LFU,Uniform Random,100,100000,978,99022,98922,0.9780,99.0220,139.1989
ARC,Uniform Random,100,100000,1002,98998,98898,1.0020,98.9980,237.9944
TinyLFU,Uniform Random,100,100000,933,99067,2438,0.9330,99.0670,416.4171
FIFO,Zipfian,100,100000,60179,39821,39721,60.1790,39.8210,48.8137
LRU,Zipfian,100,100000,65476,34524,34424,65.4760,34.5240,60.7606
LFU,Zipfian,100,100000,72576,27424,27324,72.5760,27.4240,135.5725
ARC,Zipfian,100,100000,71929,28071,27971,71.9290,28.0710,99.1521
TinyLFU,Zipfian,100,100000,72890,27110,973,72.8900,27.1100,170.3318
FIFO,Cyclic Scan,100,100000,0,100000,99900,0.0000,100.0000,92.3651
LRU,Cyclic Scan,100,100000,0,100000,99900,0.0000,100.0000,109.6749
LFU,Cyclic Scan,100,100000,0,100000,99900,0.0000,100.0000,115.3014
ARC,Cyclic Scan,100,100000,50,99950,99850,0.0500,99.9500,209.8948
TinyLFU,Cyclic Scan,100,100000,0,100000,99900,0.0000,100.0000,451.1549
FIFO,Dynamic Phase-Shift,100,100000,4130,95870,95770,4.1300,95.8700,90.4765
LRU,Dynamic Phase-Shift,100,100000,4133,95867,95767,4.1330,95.8670,107.2830
LFU,Dynamic Phase-Shift,100,100000,1024,98976,98876,1.0240,98.9760,143.8638
ARC,Dynamic Phase-Shift,100,100000,4105,95895,95794,4.1050,95.8950,224.2062
TinyLFU,Dynamic Phase-Shift,100,100000,3563,96437,2054,3.5630,96.4370,373.9764
FIFO,Uniform Random,500,100000,4970,95030,94530,4.9700,95.0300,89.3337
LRU,Uniform Random,500,100000,4974,95026,94526,4.9740,95.0260,108.5177
LFU,Uniform Random,500,100000,4951,95049,94549,4.9510,95.0490,131.8104
ARC,Uniform Random,500,100000,4936,95064,94564,4.9360,95.0640,230.0641
TinyLFU,Uniform Random,500,100000,5036,94964,5574,5.0360,94.9640,228.0358
FIFO,Zipfian,500,100000,77043,22957,22457,77.0430,22.9570,36.8348
LRU,Zipfian,500,100000,80640,19360,18860,80.6400,19.3600,47.5753
LFU,Zipfian,500,100000,84579,15421,14921,84.5790,15.4210,129.6411
ARC,Zipfian,500,100000,84066,15934,15434,84.0660,15.9340,79.4032
TinyLFU,Zipfian,500,100000,83205,16795,2674,83.2050,16.7950,82.3654
FIFO,Cyclic Scan,500,100000,0,100000,99500,0.0000,100.0000,90.4986
LRU,Cyclic Scan,500,100000,0,100000,99500,0.0000,100.0000,111.0660
LFU,Cyclic Scan,500,100000,0,100000,99500,0.0000,100.0000,116.7015
ARC,Cyclic Scan,500,100000,250,99750,99250,0.2500,99.7500,209.7256
TinyLFU,Cyclic Scan,500,100000,80203,19797,1844,80.2030,19.7970,88.3787
FIFO,Dynamic Phase-Shift,500,100000,19931,80069,79569,19.9310,80.0690,85.7320
LRU,Dynamic Phase-Shift,500,100000,19989,80011,79511,19.9890,80.0110,104.4354
LFU,Dynamic Phase-Shift,500,100000,5002,94998,94498,5.0020,94.9980,154.4137
ARC,Dynamic Phase-Shift,500,100000,19880,80120,79620,19.8800,80.1200,269.2590
TinyLFU,Dynamic Phase-Shift,500,100000,16971,83029,4808,16.9710,83.0290,223.9810
FIFO,Uniform Random,1000,100000,9861,90139,89139,9.8610,90.1390,98.8043
LRU,Uniform Random,1000,100000,9822,90178,89178,9.8220,90.1780,107.2438
LFU,Uniform Random,1000,100000,9867,90133,89133,9.8670,90.1330,128.3551
ARC,Uniform Random,1000,100000,9906,90094,89094,9.9060,90.0940,246.1149
TinyLFU,Uniform Random,1000,100000,9810,90190,7690,9.8100,90.1900,245.4724
FIFO,Zipfian,1000,100000,82981,17019,16019,82.9810,17.0190,36.9437
LRU,Zipfian,1000,100000,85813,14187,13187,85.8130,14.1870,46.8439
LFU,Zipfian,1000,100000,88042,11958,10958,88.0420,11.9580,138.9220
ARC,Zipfian,1000,100000,87824,12176,11176,87.8240,12.1760,83.8002
TinyLFU,Zipfian,1000,100000,86958,13042,2530,86.9580,13.0420,83.9173
FIFO,Cyclic Scan,1000,100000,0,100000,99000,0.0000,100.0000,93.1454
LRU,Cyclic Scan,1000,100000,0,100000,99000,0.0000,100.0000,115.6806
LFU,Cyclic Scan,1000,100000,0,100000,99000,0.0000,100.0000,117.7854
ARC,Cyclic Scan,1000,100000,500,99500,98500,0.5000,99.5000,210.2461
TinyLFU,Cyclic Scan,1000,100000,86177,13823,733,86.1770,13.8230,76.2094
FIFO,Dynamic Phase-Shift,1000,100000,39292,60708,59708,39.2920,60.7080,64.5893
LRU,Dynamic Phase-Shift,1000,100000,39200,60800,59800,39.2000,60.8000,85.3750
LFU,Dynamic Phase-Shift,1000,100000,9841,90159,89159,9.8410,90.1590,143.0618
ARC,Dynamic Phase-Shift,1000,100000,38137,61863,60863,38.1370,61.8630,166.4640
TinyLFU,Dynamic Phase-Shift,1000,100000,32662,67338,5725,32.6620,67.3380,180.0892
